{"stats":{"minecraft:killed":{"minecraft:spider":4,"minecraft:skeleton":10,"minecraft:husk":2,"minecraft:pig":12,"minecraft:creeper":1,"alexsmobs:emu":1,"minecraft:sheep":16,"minecraft:zombie":8,"iceandfire:ghost":1,"alexsmobs:gazelle":2,"minecraft:villager":1},"minecraft:dropped":{"minecraft:wheat_seeds":52,"minecraft:crafting_table":1,"minecraft:feather":1,"minecraft:cobblestone":1,"biomesoplenty:violet":62,"minecraft:melon_slice":11,"minecraft:iron_leggings":1,"alexsmobs:emu_feather":1,"minecraft:dark_oak_planks":5,"minecraft:string":3,"minecraft:white_wool":2,"minecraft:furnace":1,"minecraft:stone_axe":1,"minecraft:iron_nugget":8,"minecraft:wheat":5,"minecraft:rotten_flesh":7,"minecraft:iron_boots":1,"minecraft:allium":2,"minecraft:iron_chestplate":1,"easy_villagers:villager":1,"minecraft:spider_eye":2,"minecraft:stone_bricks":1,"minecraft:arrow":2},"minecraft:crafted":{"werewolves:stone_altar_fire_bowl":4,"minecraft:furnace":1,"ironfurnaces:iron_furnace":2,"minecraft:stone":28,"minecraft:cooked_mutton":29,"minecraft:glass":0,"minecraft:dark_oak_planks":48,"minecraft:stone_bricks":32,"minecraft:crafting_table":2,"minecraft:wooden_pickaxe":1,"minecraft:bread":28,"minecraft:air":0,"minecraft:stick":60,"minecraft:iron_ingot":9,"minecraft:wooden_axe":1,"easy_villagers:breeder":1,"minecraft:white_bed":1,"minecraft:torch":40},"minecraft:mined":{"minecraft:dark_oak_planks":2,"vampirism:dark_stone_bricks":3,"minecraft:stone_pressure_plate":1,"minecraft:farmland":1,"biomesoplenty:white_sand":65,"minecraft:dark_oak_leaves":42,"minecraft:dark_oak_log":60,"minecraft:allium":12,"minecraft:grass_block":3,"minecraft:light_gray_bed":1,"minecraft:sandstone":8,"minecraft:furnace":3,"minecraft:iron_ore":13,"minecraft:fire":28,"werewolves:wolfsbane":5,"biomesoplenty:violet":288,"easy_villagers:breeder":1,"minecraft:peony":1,"vampirism:altar_infusion":1,"minecraft:stone":95,"minecraft:cut_sandstone":2,"minecraft:orange_terracotta":1,"minecraft:crafting_table":2,"minecraft:torch":2,"minecraft:rose_bush":1,"minecraft:tall_grass":35,"biomesoplenty:sprout":5,"minecraft:cyan_bed":1,"blue_skies:bag_of_spoils":2,"minecraft:wheat":42,"minecraft:birch_leaves":5,"minecraft:grass":460,"minecraft:coal_ore":14,"minecraft:dirt":10,"minecraft:oak_leaves":21},"minecraft:broken":{"minecraft:wooden_axe":1},"minecraft:picked_up":{"minecraft:crafting_table":2,"minecraft:iron_chestplate":1,"minecraft:wheat":90,"minecraft:allium":10,"easy_villagers:breeder":1,"biomesoplenty:violet":260,"alexsmobs:gazelle_horn":2,"minecraft:string":4,"minecraft:iron_leggings":1,"alexsmobs:emu_feather":1,"minecraft:rose_bush":1,"minecraft:iron_nugget":8,"minecraft:melon_slice":11,"minecraft:chest":1,"minecraft:birch_sapling":5,"minecraft:iron_boots":1,"minecraft:furnace":3,"blue_skies:bag_of_spoils":2,"minecraft:dark_oak_sapling":3,"minecraft:stick":10,"minecraft:raw_iron":13,"minecraft:sandstone":8,"minecraft:torch":2,"werewolves:liver":1,"minecraft:porkchop":26,"werewolves:wolfsbane":1,"werewolves:stone_altar_fire_bowl":2,"minecraft:stone_pressure_plate":1,"minecraft:dark_oak_planks":1,"inventorypets:pet_ghast":1,"minecraft:arrow":3,"minecraft:light_gray_bed":1,"minecraft:rotten_flesh":8,"minecraft:peony":1,"minecraft:mutton":39,"minecraft:white_wool":5,"minecraft:cobblestone":96,"biomesoplenty:white_sand":64,"minecraft:feather":1,"minecraft:cut_sandstone":2,"waystones:sandy_waystone":1,"inventorypets:nugget_obsidian":4,"minecraft:oak_log":2,"minecraft:dirt":11,"minecraft:orange_terracotta":1,"minecraft:wheat_seeds":170,"minecraft:iron_ingot":1,"minecraft:melon":1,"vampirism:altar_infusion":1,"minecraft:cyan_bed":1,"minecraft:dark_oak_log":63,"minecraft:spider_eye":2,"minecraft:diamond":2,"vampirism:dark_stone_bricks":1,"minecraft:emerald":3,"werewolves:cracked_bone":2,"tombstone:magic_scroll":1,"minecraft:oak_sapling":1,"minecraft:coal":19},"minecraft:used":{"waystones:sandy_waystone":1,"minecraft:iron_shovel":68,"easy_villagers:breeder":2,"minecraft:melon":1,"minecraft:chest":1,"minecraft:iron_sword":138,"minecraft:torch":23,"minecraft:dark_oak_planks":20,"minecraft:wooden_axe":59,"werewolves:stone_altar":1,"ironfurnaces:iron_furnace":2,"minecraft:furnace":3,"minecraft:orange_terracotta":1,"minecraft:light_gray_bed":1,"minecraft:wheat_seeds":64,"minecraft:cooked_mutton":19,"minecraft:stone_pickaxe":28,"minecraft:wooden_pickaxe":17,"minecraft:cut_sandstone":1,"minecraft:crafting_table":4,"minecraft:white_bed":1,"easy_villagers:villager":1,"minecraft:iron_pickaxe":112,"werewolves:stone_altar_fire_bowl":6,"tombstone:grave_key":5,"minecraft:stone_axe":6,"alexsmobs:animal_dictionary":1},"minecraft:killed_by":{"minecraft:husk":1,"minecraft:player":2,"alexsmobs:crocodile":1,"minecraft:skeleton":2,"vampirism:hunter":1},"minecraft:custom":{"minecraft:mob_kills":58,"minecraft:interact_with_crafting_table":23,"minecraft:open_barrel":11,"werewolves:action_time_rage":1159,"minecraft:damage_dealt_resisted":128,"minecraft:leave_game":9,"werewolves:action_used_human_form":11,"minecraft:time_since_death":34722,"minecraft:climb_one_cm":23433,"minecraft:sprint_one_cm":836216,"minecraft:walk_one_cm":485759,"minecraft:drop":32,"vampirism:skills_unlocked":29,"minecraft:talked_to_villager":2,"minecraft:play_time":227504,"minecraft:deaths":9,"minecraft:sneak_time":5201,"minecraft:walk_under_water_one_cm":11782,"minecraft:jump":4447,"minecraft:walk_on_water_one_cm":19003,"minecraft:total_world_time":227504,"minecraft:interact_with_furnace":37,"werewolves:action_used_survival_form":7,"werewolves:action_time_human_form":4195,"werewolves:action_time_survival_form":9167,"minecraft:sleep_in_bed":4,"vampirism:actions_used":21,"minecraft:time_since_rest":5424,"minecraft:waystone_activated":1,"minecraft:damage_taken":3520,"werewolves:action_used_beast_form":2,"werewolves:action_time_beast_form":2083,"minecraft:damage_dealt":8931,"werewolves:action_used_rage":1,"minecraft:swim_one_cm":46003,"minecraft:fly_one_cm":1399933,"minecraft:player_kills":4,"minecraft:open_chest":47,"minecraft:crouch_one_cm":4809,"tombstone:undead_killed":21,"minecraft:aviate_one_cm":1608431,"tombstone:villager_killed":1,"minecraft:open_bag_of_spoils":4,"minecraft:interact_with_smoker":1,"minecraft:fall_one_cm":205269}},"DataVersion":3465}