{"stats":{"minecraft:killed_by":{"minecraft:husk":1,"minecraft:player":1,"alexsmobs:crocodile":1,"minecraft:skeleton":2,"vampirism:hunter":1},"minecraft:killed":{"minecraft:spider":2,"alexsmobs:emu":1,"minecraft:sheep":3,"minecraft:skeleton":6,"minecraft:zombie":5,"iceandfire:ghost":1,"alexsmobs:gazelle":2},"minecraft:used":{"minecraft:cooked_mutton":3,"minecraft:melon":1,"minecraft:stone_pickaxe":28,"minecraft:chest":1,"minecraft:wooden_pickaxe":17,"minecraft:iron_sword":40,"minecraft:torch":11,"minecraft:crafting_table":2,"minecraft:wooden_axe":59,"minecraft:iron_pickaxe":3,"tombstone:grave_key":5,"minecraft:stone_axe":5,"minecraft:furnace":1,"alexsmobs:animal_dictionary":1,"minecraft:light_gray_bed":1},"minecraft:crafted":{"minecraft:crafting_table":1,"minecraft:wooden_pickaxe":1,"minecraft:cooked_mutton":7,"minecraft:air":0,"minecraft:stick":60,"minecraft:iron_ingot":9,"minecraft:wooden_axe":1,"minecraft:dark_oak_planks":36,"minecraft:torch":40},"minecraft:dropped":{"minecraft:wheat_seeds":16,"minecraft:iron_nugget":8,"minecraft:cobblestone":1,"minecraft:rotten_flesh":1,"biomesoplenty:violet":15,"minecraft:allium":2,"minecraft:melon_slice":11,"minecraft:spider_eye":2,"easy_villagers:villager":1,"minecraft:stone_bricks":1,"minecraft:arrow":2,"minecraft:string":3,"minecraft:white_wool":2},"minecraft:picked_up":{"minecraft:crafting_table":1,"minecraft:wheat":5,"minecraft:allium":2,"minecraft:feather":1,"biomesoplenty:violet":79,"inventorypets:nugget_obsidian":4,"minecraft:oak_log":1,"alexsmobs:gazelle_horn":2,"minecraft:dirt":2,"minecraft:string":3,"alexsmobs:emu_feather":1,"minecraft:wheat_seeds":16,"minecraft:rose_bush":1,"minecraft:iron_nugget":8,"minecraft:melon_slice":11,"minecraft:chest":1,"minecraft:birch_sapling":5,"minecraft:furnace":1,"minecraft:dark_oak_sapling":3,"minecraft:raw_iron":7,"minecraft:stick":10,"minecraft:melon":1,"vampirism:altar_infusion":1,"minecraft:dark_oak_log":63,"minecraft:spider_eye":2,"inventorypets:pet_ghast":1,"minecraft:arrow":2,"minecraft:light_gray_bed":1,"minecraft:rotten_flesh":2,"minecraft:diamond":1,"vampirism:dark_stone_bricks":1,"minecraft:emerald":3,"minecraft:oak_sapling":1,"minecraft:mutton":6,"minecraft:coal":10,"minecraft:white_wool":2,"minecraft:cobblestone":16},"minecraft:mined":{"minecraft:dark_oak_planks":2,"vampirism:dark_stone_bricks":3,"minecraft:dark_oak_leaves":42,"minecraft:dark_oak_log":60,"minecraft:crafting_table":1,"minecraft:allium":5,"minecraft:rose_bush":1,"minecraft:light_gray_bed":1,"minecraft:tall_grass":7,"biomesoplenty:sprout":1,"minecraft:furnace":1,"minecraft:iron_ore":7,"minecraft:fire":28,"biomesoplenty:violet":100,"minecraft:birch_leaves":3,"minecraft:grass":96,"minecraft:coal_ore":10,"vampirism:altar_infusion":1,"minecraft:dirt":2,"minecraft:stone":15,"minecraft:oak_leaves":20},"minecraft:broken":{"minecraft:wooden_axe":1},"minecraft:custom":{"minecraft:interact_with_furnace":8,"minecraft:mob_kills":20,"werewolves:action_used_survival_form":7,"werewolves:action_time_human_form":644,"minecraft:interact_with_crafting_table":9,"minecraft:open_barrel":11,"werewolves:action_time_survival_form":9167,"werewolves:action_time_rage":1159,"minecraft:leave_game":8,"werewolves:action_used_human_form":6,"minecraft:time_since_death":8210,"minecraft:sleep_in_bed":1,"minecraft:climb_one_cm":16803,"vampirism:actions_used":16,"minecraft:time_since_rest":7961,"minecraft:sprint_one_cm":509559,"minecraft:damage_taken":2667,"minecraft:walk_one_cm":232362,"werewolves:action_used_beast_form":2,"werewolves:action_time_beast_form":2083,"minecraft:drop":18,"vampirism:skills_unlocked":26,"minecraft:damage_dealt":3136,"werewolves:action_used_rage":1,"minecraft:swim_one_cm":12750,"minecraft:talked_to_villager":2,"minecraft:fly_one_cm":1097890,"minecraft:player_kills":1,"minecraft:open_chest":11,"minecraft:crouch_one_cm":1473,"minecraft:play_time":144699,"tombstone:undead_killed":12,"minecraft:deaths":8,"minecraft:sneak_time":4405,"minecraft:walk_under_water_one_cm":7838,"minecraft:aviate_one_cm":1189499,"minecraft:jump":3036,"minecraft:walk_on_water_one_cm":8821,"minecraft:interact_with_smoker":1,"minecraft:total_world_time":144699,"minecraft:fall_one_cm":134428}},"DataVersion":3465}