{"stats":{"minecraft:killed":{"minecraft:spider":2,"minecraft:skeleton":9,"minecraft:husk":2,"minecraft:pig":12,"minecraft:creeper":1,"alexsmobs:emu":1,"minecraft:sheep":16,"minecraft:zombie":5,"iceandfire:ghost":1,"alexsmobs:gazelle":2},"minecraft:dropped":{"minecraft:wheat_seeds":16,"minecraft:crafting_table":1,"minecraft:feather":1,"minecraft:cobblestone":1,"biomesoplenty:violet":15,"minecraft:melon_slice":11,"minecraft:iron_leggings":1,"alexsmobs:emu_feather":1,"minecraft:string":3,"minecraft:dark_oak_planks":5,"minecraft:white_wool":2,"minecraft:furnace":1,"minecraft:stone_axe":1,"minecraft:iron_nugget":8,"minecraft:wheat":5,"minecraft:rotten_flesh":2,"minecraft:iron_boots":1,"minecraft:allium":2,"minecraft:iron_chestplate":1,"easy_villagers:villager":1,"minecraft:stone_bricks":1,"minecraft:spider_eye":2,"minecraft:arrow":2},"minecraft:crafted":{"minecraft:cooked_mutton":29,"minecraft:dark_oak_planks":48,"minecraft:crafting_table":1,"minecraft:wooden_pickaxe":1,"minecraft:air":0,"minecraft:stick":60,"minecraft:iron_ingot":9,"minecraft:wooden_axe":1,"minecraft:white_bed":1,"minecraft:torch":40},"minecraft:mined":{"minecraft:dark_oak_planks":2,"vampirism:dark_stone_bricks":3,"minecraft:stone_pressure_plate":1,"minecraft:dark_oak_leaves":42,"minecraft:dark_oak_log":60,"minecraft:allium":5,"minecraft:light_gray_bed":1,"minecraft:sandstone":8,"minecraft:furnace":3,"minecraft:iron_ore":7,"minecraft:fire":28,"werewolves:wolfsbane":5,"biomesoplenty:violet":221,"minecraft:peony":1,"vampirism:altar_infusion":1,"minecraft:stone":15,"minecraft:cut_sandstone":2,"minecraft:orange_terracotta":1,"minecraft:crafting_table":2,"minecraft:torch":2,"minecraft:rose_bush":1,"minecraft:tall_grass":28,"biomesoplenty:sprout":2,"minecraft:birch_leaves":5,"minecraft:grass":349,"minecraft:coal_ore":10,"minecraft:dirt":4,"minecraft:oak_leaves":21},"minecraft:broken":{"minecraft:wooden_axe":1},"minecraft:picked_up":{"minecraft:crafting_table":2,"minecraft:iron_chestplate":1,"minecraft:allium":2,"minecraft:wheat":5,"biomesoplenty:violet":198,"alexsmobs:gazelle_horn":2,"minecraft:string":3,"minecraft:iron_leggings":1,"alexsmobs:emu_feather":1,"minecraft:rose_bush":1,"minecraft:iron_nugget":8,"minecraft:melon_slice":11,"minecraft:chest":1,"minecraft:birch_sapling":5,"minecraft:iron_boots":1,"minecraft:furnace":3,"minecraft:dark_oak_sapling":3,"minecraft:raw_iron":7,"minecraft:stick":10,"minecraft:sandstone":8,"minecraft:torch":2,"minecraft:porkchop":26,"werewolves:wolfsbane":1,"minecraft:stone_pressure_plate":1,"minecraft:dark_oak_planks":1,"inventorypets:pet_ghast":1,"minecraft:arrow":2,"minecraft:light_gray_bed":1,"minecraft:rotten_flesh":3,"minecraft:peony":1,"minecraft:mutton":39,"minecraft:white_wool":5,"minecraft:cobblestone":16,"minecraft:feather":1,"minecraft:cut_sandstone":2,"waystones:sandy_waystone":1,"inventorypets:nugget_obsidian":4,"minecraft:oak_log":2,"minecraft:dirt":2,"minecraft:orange_terracotta":1,"minecraft:wheat_seeds":47,"minecraft:iron_ingot":1,"minecraft:melon":1,"vampirism:altar_infusion":1,"minecraft:dark_oak_log":63,"minecraft:spider_eye":2,"minecraft:diamond":2,"vampirism:dark_stone_bricks":1,"minecraft:emerald":3,"werewolves:cracked_bone":2,"tombstone:magic_scroll":1,"minecraft:oak_sapling":1,"minecraft:coal":15},"minecraft:used":{"waystones:sandy_waystone":1,"minecraft:melon":1,"minecraft:chest":1,"minecraft:iron_sword":109,"minecraft:torch":17,"minecraft:wooden_axe":59,"minecraft:dark_oak_planks":19,"minecraft:furnace":3,"minecraft:orange_terracotta":1,"minecraft:light_gray_bed":1,"minecraft:cooked_mutton":15,"minecraft:stone_pickaxe":28,"minecraft:wooden_pickaxe":17,"minecraft:cut_sandstone":1,"minecraft:crafting_table":3,"minecraft:white_bed":1,"minecraft:iron_pickaxe":18,"tombstone:grave_key":5,"minecraft:stone_axe":6,"alexsmobs:animal_dictionary":1},"minecraft:killed_by":{"minecraft:husk":1,"minecraft:player":1,"alexsmobs:crocodile":1,"minecraft:skeleton":2,"vampirism:hunter":1},"minecraft:custom":{"minecraft:mob_kills":51,"minecraft:interact_with_crafting_table":14,"minecraft:open_barrel":11,"werewolves:action_time_rage":1159,"minecraft:damage_dealt_resisted":128,"minecraft:leave_game":8,"werewolves:action_used_human_form":6,"minecraft:time_since_death":55965,"minecraft:climb_one_cm":23408,"minecraft:sprint_one_cm":725267,"minecraft:walk_one_cm":378401,"minecraft:drop":29,"vampirism:skills_unlocked":27,"minecraft:talked_to_villager":2,"minecraft:play_time":192454,"minecraft:deaths":8,"minecraft:sneak_time":5065,"minecraft:walk_under_water_one_cm":11312,"minecraft:jump":4154,"minecraft:walk_on_water_one_cm":17832,"minecraft:total_world_time":192454,"minecraft:interact_with_furnace":24,"werewolves:action_used_survival_form":7,"werewolves:action_time_human_form":644,"werewolves:action_time_survival_form":9167,"minecraft:sleep_in_bed":3,"vampirism:actions_used":16,"minecraft:time_since_rest":23790,"minecraft:waystone_activated":1,"minecraft:damage_taken":3121,"werewolves:action_used_beast_form":2,"werewolves:action_time_beast_form":2083,"minecraft:damage_dealt":7057,"werewolves:action_used_rage":1,"minecraft:swim_one_cm":40724,"minecraft:fly_one_cm":1329352,"minecraft:player_kills":2,"minecraft:open_chest":25,"minecraft:crouch_one_cm":4630,"tombstone:undead_killed":17,"minecraft:aviate_one_cm":1608431,"minecraft:interact_with_smoker":1,"minecraft:fall_one_cm":185143}},"DataVersion":3465}