{"stats":{"minecraft:killed":{"minecraft:husk":2,"minecraft:pig":12,"minecraft:spider":2,"minecraft:creeper":1,"alexsmobs:emu":1,"minecraft:skeleton":9,"minecraft:sheep":16,"minecraft:zombie":5,"iceandfire:ghost":1,"alexsmobs:gazelle":2},"minecraft:dropped":{"minecraft:stone_axe":1,"minecraft:wheat_seeds":16,"minecraft:iron_nugget":8,"minecraft:wheat":5,"minecraft:feather":1,"minecraft:cobblestone":1,"minecraft:rotten_flesh":2,"biomesoplenty:violet":15,"minecraft:allium":2,"minecraft:melon_slice":11,"alexsmobs:emu_feather":1,"easy_villagers:villager":1,"minecraft:spider_eye":2,"minecraft:stone_bricks":1,"minecraft:arrow":2,"minecraft:string":3,"minecraft:white_wool":2},"minecraft:crafted":{"minecraft:crafting_table":1,"minecraft:wooden_pickaxe":1,"minecraft:cooked_mutton":29,"minecraft:air":0,"minecraft:white_bed":1,"minecraft:stick":60,"minecraft:iron_ingot":9,"minecraft:wooden_axe":1,"minecraft:dark_oak_planks":48,"minecraft:torch":40},"minecraft:mined":{"minecraft:dark_oak_planks":2,"vampirism:dark_stone_bricks":3,"minecraft:cut_sandstone":2,"minecraft:stone_pressure_plate":1,"minecraft:dark_oak_leaves":42,"minecraft:orange_terracotta":1,"minecraft:dark_oak_log":60,"minecraft:crafting_table":2,"minecraft:allium":5,"minecraft:rose_bush":1,"minecraft:light_gray_bed":1,"minecraft:tall_grass":7,"biomesoplenty:sprout":1,"minecraft:sandstone":8,"minecraft:furnace":3,"minecraft:iron_ore":7,"minecraft:fire":28,"biomesoplenty:violet":100,"minecraft:birch_leaves":5,"minecraft:peony":1,"minecraft:grass":98,"minecraft:coal_ore":10,"vampirism:altar_infusion":1,"minecraft:dirt":4,"minecraft:stone":15,"minecraft:oak_leaves":20},"minecraft:broken":{"minecraft:wooden_axe":1},"minecraft:picked_up":{"minecraft:crafting_table":2,"minecraft:wheat":5,"minecraft:allium":2,"minecraft:feather":1,"minecraft:cut_sandstone":2,"biomesoplenty:violet":79,"waystones:sandy_waystone":1,"inventorypets:nugget_obsidian":4,"minecraft:oak_log":1,"alexsmobs:gazelle_horn":2,"minecraft:dirt":2,"minecraft:string":3,"minecraft:orange_terracotta":1,"minecraft:wheat_seeds":16,"alexsmobs:emu_feather":1,"minecraft:iron_ingot":1,"minecraft:rose_bush":1,"minecraft:iron_nugget":8,"minecraft:melon_slice":11,"minecraft:chest":1,"minecraft:birch_sapling":5,"minecraft:furnace":3,"minecraft:sandstone":8,"minecraft:dark_oak_sapling":3,"minecraft:stick":10,"minecraft:raw_iron":7,"minecraft:porkchop":26,"minecraft:melon":1,"vampirism:altar_infusion":1,"minecraft:dark_oak_log":63,"minecraft:spider_eye":2,"minecraft:stone_pressure_plate":1,"inventorypets:pet_ghast":1,"minecraft:arrow":2,"minecraft:light_gray_bed":1,"minecraft:rotten_flesh":3,"minecraft:diamond":1,"minecraft:peony":1,"vampirism:dark_stone_bricks":1,"minecraft:emerald":3,"tombstone:magic_scroll":1,"minecraft:oak_sapling":1,"minecraft:mutton":39,"minecraft:coal":15,"minecraft:white_wool":5,"minecraft:cobblestone":16},"minecraft:killed_by":{"minecraft:husk":1,"minecraft:player":1,"alexsmobs:crocodile":1,"minecraft:skeleton":2,"vampirism:hunter":1},"minecraft:used":{"minecraft:cooked_mutton":11,"minecraft:melon":1,"minecraft:stone_pickaxe":28,"minecraft:chest":1,"minecraft:wooden_pickaxe":17,"minecraft:cut_sandstone":1,"minecraft:iron_sword":109,"minecraft:torch":11,"minecraft:crafting_table":3,"minecraft:white_bed":1,"minecraft:dark_oak_planks":5,"minecraft:wooden_axe":59,"minecraft:iron_pickaxe":18,"tombstone:grave_key":5,"minecraft:stone_axe":6,"minecraft:furnace":3,"alexsmobs:animal_dictionary":1,"minecraft:orange_terracotta":1,"minecraft:light_gray_bed":1},"minecraft:custom":{"minecraft:interact_with_furnace":24,"minecraft:mob_kills":51,"werewolves:action_used_survival_form":7,"werewolves:action_time_human_form":644,"minecraft:interact_with_crafting_table":13,"minecraft:open_barrel":11,"werewolves:action_time_survival_form":9167,"werewolves:action_time_rage":1159,"minecraft:damage_dealt_resisted":128,"minecraft:leave_game":8,"werewolves:action_used_human_form":6,"minecraft:time_since_death":37965,"minecraft:sleep_in_bed":3,"minecraft:climb_one_cm":23103,"vampirism:actions_used":16,"minecraft:time_since_rest":5790,"minecraft:sprint_one_cm":682679,"minecraft:damage_taken":2782,"minecraft:walk_one_cm":295267,"werewolves:action_used_beast_form":2,"werewolves:action_time_beast_form":2083,"minecraft:drop":23,"vampirism:skills_unlocked":27,"minecraft:damage_dealt":6846,"werewolves:action_used_rage":1,"minecraft:swim_one_cm":40724,"minecraft:talked_to_villager":2,"minecraft:fly_one_cm":1299352,"minecraft:player_kills":1,"minecraft:open_chest":19,"minecraft:play_time":174454,"minecraft:crouch_one_cm":2050,"tombstone:undead_killed":17,"minecraft:deaths":8,"minecraft:sneak_time":4557,"minecraft:walk_under_water_one_cm":11312,"minecraft:aviate_one_cm":1189499,"minecraft:jump":3914,"minecraft:walk_on_water_one_cm":17595,"minecraft:total_world_time":174454,"minecraft:interact_with_smoker":1,"minecraft:fall_one_cm":170049}},"DataVersion":3465}