{"stats":{"minecraft:killed":{"minecraft:spider":4,"minecraft:skeleton":10,"minecraft:husk":2,"minecraft:pig":12,"minecraft:creeper":1,"alexsmobs:emu":1,"minecraft:sheep":16,"minecraft:zombie":7,"iceandfire:ghost":1,"alexsmobs:gazelle":2,"minecraft:villager":1},"minecraft:dropped":{"minecraft:wheat_seeds":52,"minecraft:crafting_table":1,"minecraft:feather":1,"minecraft:cobblestone":1,"biomesoplenty:violet":62,"minecraft:melon_slice":11,"minecraft:iron_leggings":1,"alexsmobs:emu_feather":1,"minecraft:string":3,"minecraft:dark_oak_planks":5,"minecraft:white_wool":2,"minecraft:furnace":1,"minecraft:stone_axe":1,"minecraft:iron_nugget":8,"minecraft:wheat":5,"minecraft:rotten_flesh":7,"minecraft:iron_boots":1,"minecraft:allium":2,"minecraft:iron_chestplate":1,"easy_villagers:villager":1,"minecraft:stone_bricks":1,"minecraft:spider_eye":2,"minecraft:arrow":2},"minecraft:crafted":{"werewolves:stone_altar_fire_bowl":4,"minecraft:furnace":1,"ironfurnaces:iron_furnace":2,"minecraft:stone":28,"minecraft:cooked_mutton":29,"minecraft:glass":0,"minecraft:dark_oak_planks":48,"minecraft:stone_bricks":32,"minecraft:crafting_table":2,"minecraft:wooden_pickaxe":1,"minecraft:bread":10,"minecraft:air":0,"minecraft:stick":60,"minecraft:iron_ingot":9,"minecraft:wooden_axe":1,"easy_villagers:breeder":1,"minecraft:white_bed":1,"minecraft:torch":40},"minecraft:mined":{"minecraft:dark_oak_planks":2,"vampirism:dark_stone_bricks":3,"minecraft:stone_pressure_plate":1,"biomesoplenty:white_sand":65,"minecraft:dark_oak_leaves":42,"minecraft:dark_oak_log":60,"minecraft:allium":10,"minecraft:grass_block":3,"minecraft:light_gray_bed":1,"minecraft:sandstone":8,"minecraft:furnace":3,"minecraft:iron_ore":13,"minecraft:fire":28,"werewolves:wolfsbane":5,"biomesoplenty:violet":282,"easy_villagers:breeder":1,"minecraft:peony":1,"vampirism:altar_infusion":1,"minecraft:stone":95,"minecraft:cut_sandstone":2,"minecraft:orange_terracotta":1,"minecraft:crafting_table":2,"minecraft:torch":2,"minecraft:rose_bush":1,"minecraft:tall_grass":29,"biomesoplenty:sprout":5,"minecraft:cyan_bed":1,"blue_skies:bag_of_spoils":2,"minecraft:wheat":20,"minecraft:birch_leaves":5,"minecraft:grass":421,"minecraft:coal_ore":14,"minecraft:dirt":10,"minecraft:oak_leaves":21},"minecraft:broken":{"minecraft:wooden_axe":1},"minecraft:picked_up":{"minecraft:crafting_table":2,"minecraft:iron_chestplate":1,"minecraft:allium":7,"minecraft:wheat":50,"easy_villagers:breeder":1,"biomesoplenty:violet":254,"alexsmobs:gazelle_horn":2,"minecraft:string":4,"minecraft:iron_leggings":1,"alexsmobs:emu_feather":1,"minecraft:rose_bush":1,"minecraft:iron_nugget":8,"minecraft:melon_slice":11,"minecraft:chest":1,"minecraft:birch_sapling":5,"minecraft:iron_boots":1,"minecraft:furnace":3,"blue_skies:bag_of_spoils":2,"minecraft:dark_oak_sapling":3,"minecraft:raw_iron":13,"minecraft:stick":10,"minecraft:sandstone":8,"minecraft:torch":2,"werewolves:liver":1,"minecraft:porkchop":26,"werewolves:wolfsbane":1,"minecraft:stone_pressure_plate":1,"minecraft:dark_oak_planks":1,"inventorypets:pet_ghast":1,"minecraft:arrow":2,"minecraft:light_gray_bed":1,"minecraft:rotten_flesh":8,"minecraft:peony":1,"minecraft:mutton":39,"minecraft:white_wool":5,"minecraft:cobblestone":96,"biomesoplenty:white_sand":64,"minecraft:feather":1,"minecraft:cut_sandstone":2,"waystones:sandy_waystone":1,"inventorypets:nugget_obsidian":4,"minecraft:oak_log":2,"minecraft:dirt":11,"minecraft:orange_terracotta":1,"minecraft:wheat_seeds":124,"minecraft:iron_ingot":1,"minecraft:melon":1,"minecraft:cyan_bed":1,"vampirism:altar_infusion":1,"minecraft:dark_oak_log":63,"minecraft:spider_eye":2,"minecraft:diamond":2,"vampirism:dark_stone_bricks":1,"minecraft:emerald":3,"werewolves:cracked_bone":2,"tombstone:magic_scroll":1,"minecraft:oak_sapling":1,"minecraft:coal":19},"minecraft:used":{"waystones:sandy_waystone":1,"minecraft:iron_shovel":68,"easy_villagers:breeder":2,"minecraft:melon":1,"minecraft:chest":1,"minecraft:iron_sword":133,"minecraft:torch":23,"minecraft:wooden_axe":59,"minecraft:dark_oak_planks":20,"werewolves:stone_altar":1,"ironfurnaces:iron_furnace":2,"minecraft:furnace":3,"minecraft:orange_terracotta":1,"minecraft:light_gray_bed":1,"minecraft:wheat_seeds":43,"minecraft:cooked_mutton":17,"minecraft:stone_pickaxe":28,"minecraft:wooden_pickaxe":17,"minecraft:cut_sandstone":1,"minecraft:crafting_table":4,"minecraft:white_bed":1,"easy_villagers:villager":1,"werewolves:stone_altar_fire_bowl":4,"minecraft:iron_pickaxe":112,"tombstone:grave_key":5,"minecraft:stone_axe":6,"alexsmobs:animal_dictionary":1},"minecraft:killed_by":{"minecraft:husk":1,"minecraft:player":2,"alexsmobs:crocodile":1,"minecraft:skeleton":2,"vampirism:hunter":1},"minecraft:custom":{"minecraft:mob_kills":57,"minecraft:interact_with_crafting_table":22,"minecraft:open_barrel":11,"werewolves:action_time_rage":1159,"minecraft:damage_dealt_resisted":128,"minecraft:leave_game":8,"werewolves:action_used_human_form":8,"minecraft:time_since_death":23672,"minecraft:climb_one_cm":23433,"minecraft:sprint_one_cm":811957,"minecraft:walk_one_cm":438654,"minecraft:drop":32,"vampirism:skills_unlocked":29,"minecraft:talked_to_villager":2,"minecraft:play_time":216454,"minecraft:deaths":9,"minecraft:sneak_time":5162,"minecraft:walk_under_water_one_cm":11400,"minecraft:jump":4368,"minecraft:walk_on_water_one_cm":18525,"minecraft:total_world_time":216454,"minecraft:interact_with_furnace":37,"werewolves:action_used_survival_form":7,"werewolves:action_time_human_form":977,"werewolves:action_time_survival_form":9167,"minecraft:sleep_in_bed":3,"vampirism:actions_used":18,"minecraft:time_since_rest":23413,"minecraft:waystone_activated":1,"minecraft:damage_taken":3437,"werewolves:action_used_beast_form":2,"werewolves:action_time_beast_form":2083,"minecraft:damage_dealt":8641,"werewolves:action_used_rage":1,"minecraft:swim_one_cm":40724,"minecraft:fly_one_cm":1378871,"minecraft:player_kills":4,"minecraft:open_chest":44,"minecraft:crouch_one_cm":4717,"tombstone:undead_killed":20,"tombstone:villager_killed":1,"minecraft:aviate_one_cm":1608431,"minecraft:open_bag_of_spoils":4,"minecraft:interact_with_smoker":1,"minecraft:fall_one_cm":196422}},"DataVersion":3465}