{"stats":{"minecraft:killed":{"vampirism:vampire":15,"minecraft:witch":1,"vampirism:advanced_vampire":1,"minecraft:spider":3,"minecraft:skeleton":8,"minecraft:creeper":2,"minecraft:sheep":1,"mowziesmobs:lantern":1,"minecraft:zombie":15,"iceandfire:ghost":2},"minecraft:dropped":{"minecraft:wheat_seeds":13,"minecraft:diamond":1,"minecraft:cobblestone":8,"biomesoplenty:violet":20,"minecraft:melon":1,"minecraft:wooden_hoe":1,"werewolves:cracked_bone":2,"minecraft:melon_slice":9,"tombstone:grave_dust":1,"minecraft:chain":1,"minecraft:dark_oak_planks":48,"minecraft:dark_oak_door":2,"minecraft:furnace":1,"easy_villagers:breeder":1,"minecraft:sugar_cane":3,"minecraft:cobbled_deepslate":64,"minecraft:wheat":51,"minecraft:rotten_flesh":14,"blue_skies:bag_of_spoils":1,"blue_skies:fiery_beans":1,"werewolves:dream_catcher":1,"vampirism:vampire_fang":1,"minecraft:bamboo":17,"minecraft:arrow":10,"minecraft:bow":2,"minecraft:stone_pickaxe":1,"minecraft:oak_leaves":5},"minecraft:crafted":{"minecraft:oak_planks":12,"minecraft:furnace":1,"minecraft:bone_meal":39,"minecraft:dark_oak_planks":492,"minecraft:crafting_table":2,"minecraft:air":0,"minecraft:stick":48,"minecraft:iron_ingot":1,"minecraft:wooden_axe":1,"minecraft:torch":88},"minecraft:mined":{"minecraft:dark_oak_planks":20,"biomesoplenty:glowing_moss_block":1,"minecraft:tuff":1,"minecraft:oak_sapling":1,"minecraft:dark_oak_leaves":6,"minecraft:deepslate_diamond_ore":14,"minecraft:dark_oak_log":165,"minecraft:allium":6,"minecraft:grass_block":4,"gobber2:gobber2_lucky_block":9,"minecraft:spruce_leaves":27,"minecraft:tall_seagrass":2,"minecraft:spruce_sapling":3,"minecraft:furnace":1,"minecraft:iron_ore":32,"minecraft:fire":30,"biomesoplenty:violet":41,"minecraft:deepslate_lapis_ore":4,"biomesoplenty:hanging_cobweb":1,"werewolves:stone_altar_fire_bowl":2,"biomesoplenty:high_grass":32,"minecraft:deepslate_iron_ore":13,"minecraft:vine":1,"minecraft:bamboo":1,"minecraft:stone":97,"minecraft:crafting_table":1,"minecraft:torch":1,"minecraft:melon":31,"biomesoplenty:high_grass_plant":96,"minecraft:tall_grass":43,"minecraft:cyan_bed":1,"biomesoplenty:sprout":1,"minecraft:deepslate_gold_ore":14,"minecraft:sugar_cane":1,"blue_skies:bag_of_spoils":1,"minecraft:diorite":1,"minecraft:wall_torch":3,"minecraft:wheat":34,"gobber2:gobber2_lucky_block_deepslate":4,"minecraft:grass":180,"minecraft:oak_log":27,"minecraft:coal_ore":31,"minecraft:dark_oak_sapling":1,"minecraft:dirt":3,"minecraft:cobweb":1,"minecraft:smooth_basalt":1,"minecraft:gold_ore":4,"minecraft:oak_leaves":45,"werewolves:silver_ore":9,"minecraft:deepslate":102,"minecraft:fern":13},"minecraft:broken":{"minecraft:stone_axe":1,"minecraft:wooden_axe":2},"minecraft:picked_up":{"minecraft:crafting_table":1,"minecraft:allium":3,"minecraft:wheat":51,"easy_villagers:breeder":1,"biomesoplenty:violet":43,"minecraft:string":7,"minecraft:cobbled_deepslate":93,"minecraft:light_gray_wool":1,"minecraft:melon_slice":170,"minecraft:sugar_cane":3,"minecraft:furnace":1,"blue_skies:bag_of_spoils":4,"minecraft:dark_oak_sapling":9,"minecraft:stick":35,"minecraft:raw_iron":44,"blue_skies:fiery_beans":3,"minecraft:torch":6,"werewolves:raw_silver":9,"werewolves:wolfsbane":1,"minecraft:diorite":1,"tombstone:grave_dust":3,"vampirism:vampire_fang":3,"tombstone:scroll_of_purification":1,"minecraft:dark_oak_planks":166,"easy_villagers:villager":1,"minecraft:rotten_flesh":14,"minecraft:arrow":12,"minecraft:black_banner":1,"minecraft:cobblestone":104,"vampirism:vampire_blood_bottle":2,"minecraft:glow_ink_sac":3,"gobber2:gobber2_gooey_beefstew":1,"minecraft:oak_log":28,"iceandfire:ectoplasm":1,"minecraft:gunpowder":1,"minecraft:wooden_hoe":1,"minecraft:lapis_lazuli":27,"minecraft:dirt":42,"tombstone:gift":1,"minecraft:cooked_mutton":1,"minecraft:bone":17,"minecraft:apple":2,"minecraft:bow":2,"gobber2:gobber2_gooey_beef":4,"minecraft:wheat_seeds":215,"minecraft:raw_gold":18,"minecraft:cooked_chicken":1,"gobber2:gobber2_globette":2,"tombstone:bag_of_seeds":1,"minecraft:bamboo":86,"gobber2:gobber2_gooey_bread":2,"minecraft:melon":6,"minecraft:spruce_sapling":13,"blue_skies:fiery_bean_seeds":5,"minecraft:spruce_log":23,"minecraft:cyan_bed":1,"minecraft:dark_oak_log":161,"minecraft:spider_eye":1,"minecraft:music_disc_mall":1,"minecraft:diamond":14,"werewolves:cracked_bone":2,"gobber2:gobber2_goo":7,"minecraft:oak_sapling":7,"minecraft:coal":31,"minecraft:oak_leaves":5},"minecraft:killed_by":{"vampirism:advanced_vampire":1,"minecraft:player":5,"minecraft:creeper":1,"minecraft:spider":1,"alexsmobs:murmur_head":1,"minecraft:skeleton":1,"minecraft:zombie":1,"iceandfire:ghost":1,"vampirism:vampire":2},"minecraft:used":{"minecraft:stone_sword":13,"gobber2:gobber2_goo":7,"iceandfire:silver_sword":289,"minecraft:melon":5,"minecraft:chest":2,"gobber2:gobber2_gooey_bread":2,"minecraft:cooked_chicken":1,"minecraft:torch":82,"minecraft:dirt":35,"blue_skies:fiery_beans":2,"minecraft:dark_oak_planks":201,"minecraft:wooden_axe":118,"minecraft:melon_seeds":1,"minecraft:bamboo":70,"gobber2:gobber2_gooey_beef":4,"minecraft:light_gray_wool":1,"blue_skies:bag_of_spoils":3,"minecraft:furnace":1,"minecraft:oak_sapling":7,"tombstone:gift":2,"minecraft:dark_oak_sapling":9,"minecraft:wheat_seeds":12,"minecraft:cooked_mutton":1,"minecraft:stone_pickaxe":40,"blue_skies:fiery_bean_seeds":2,"minecraft:crafting_table":5,"werewolves:wolfsbane":1,"minecraft:dark_oak_door":1,"minecraft:lightning_rod":1,"tombstone:bag_of_seeds":2,"minecraft:wooden_hoe":6,"easy_villagers:villager":7,"minecraft:apple":2,"gobber2:gobber2_gooey_beefstew":1,"minecraft:dark_oak_log":1,"minecraft:melon_slice":149,"minecraft:cyan_bed":1,"minecraft:iron_pickaxe":147,"tombstone:grave_key":11,"minecraft:spruce_sapling":13,"minecraft:stone_axe":163,"minecraft:cobblestone":6,"minecraft:bone_meal":24},"minecraft:custom":{"minecraft:mob_kills":66,"minecraft:interact_with_crafting_table":14,"minecraft:open_barrel":1,"minecraft:damage_dealt_resisted":727,"minecraft:eat_cake_slice":7,"minecraft:leave_game":5,"minecraft:time_since_death":4918,"minecraft:climb_one_cm":940,"minecraft:sprint_one_cm":699201,"minecraft:walk_one_cm":405679,"minecraft:drop":66,"minecraft:talked_to_villager":2,"minecraft:play_time":229353,"minecraft:deaths":16,"minecraft:sneak_time":6570,"minecraft:walk_under_water_one_cm":14706,"minecraft:jump":2986,"minecraft:walk_on_water_one_cm":20303,"minecraft:total_world_time":229353,"minecraft:interact_with_furnace":7,"tombstone:raider_killed":1,"minecraft:sleep_in_bed":5,"minecraft:time_since_rest":4632,"minecraft:waystone_activated":1,"minecraft:damage_taken":8422,"minecraft:trigger_trapped_chest":1,"minecraft:damage_dealt":15378,"minecraft:swim_one_cm":54371,"minecraft:fly_one_cm":492979,"minecraft:player_kills":2,"minecraft:open_chest":17,"minecraft:crouch_one_cm":16123,"tombstone:undead_killed":25,"minecraft:aviate_one_cm":542605,"minecraft:open_bag_of_spoils":4,"minecraft:interact_with_smoker":1,"minecraft:fall_one_cm":91100}},"DataVersion":3465}