{"stats":{"minecraft:killed":{"vampirism:vampire":13,"minecraft:witch":1,"vampirism:advanced_vampire":1,"minecraft:spider":3,"minecraft:skeleton":6,"minecraft:creeper":1,"mowziesmobs:lantern":1,"minecraft:zombie":10,"iceandfire:ghost":1},"minecraft:dropped":{"minecraft:cobblestone":8,"biomesoplenty:violet":20,"minecraft:melon":1,"minecraft:melon_slice":1,"tombstone:grave_dust":1,"minecraft:chain":1,"minecraft:dark_oak_planks":48,"minecraft:dark_oak_door":2,"minecraft:furnace":1,"minecraft:sugar_cane":3,"minecraft:cobbled_deepslate":64,"minecraft:wheat":1,"minecraft:rotten_flesh":11,"vampirism:vampire_fang":1,"minecraft:arrow":6,"minecraft:bow":2,"minecraft:stone_pickaxe":1,"minecraft:oak_leaves":5},"minecraft:crafted":{"minecraft:oak_planks":12,"minecraft:furnace":1,"minecraft:bone_meal":39,"minecraft:dark_oak_planks":492,"minecraft:crafting_table":2,"minecraft:air":0,"minecraft:stick":48,"minecraft:iron_ingot":1,"minecraft:wooden_axe":1,"minecraft:torch":88},"minecraft:mined":{"minecraft:dark_oak_planks":9,"biomesoplenty:glowing_moss_block":1,"minecraft:tuff":1,"minecraft:dark_oak_leaves":6,"minecraft:deepslate_diamond_ore":14,"minecraft:dark_oak_log":165,"minecraft:grass_block":4,"gobber2:gobber2_lucky_block":9,"minecraft:furnace":1,"minecraft:iron_ore":30,"minecraft:fire":30,"biomesoplenty:violet":11,"minecraft:deepslate_lapis_ore":4,"biomesoplenty:hanging_cobweb":1,"biomesoplenty:high_grass":32,"minecraft:deepslate_iron_ore":13,"minecraft:stone":93,"minecraft:crafting_table":1,"minecraft:torch":1,"minecraft:melon":31,"biomesoplenty:high_grass_plant":96,"minecraft:tall_grass":28,"biomesoplenty:sprout":1,"minecraft:cyan_bed":1,"minecraft:deepslate_gold_ore":14,"minecraft:sugar_cane":1,"minecraft:wall_torch":3,"gobber2:gobber2_lucky_block_deepslate":4,"minecraft:grass":58,"minecraft:oak_log":8,"minecraft:coal_ore":31,"minecraft:dark_oak_sapling":1,"minecraft:dirt":3,"minecraft:cobweb":1,"minecraft:smooth_basalt":1,"minecraft:gold_ore":4,"minecraft:oak_leaves":9,"werewolves:silver_ore":9,"minecraft:deepslate":102,"minecraft:fern":13},"minecraft:broken":{"minecraft:wooden_axe":2},"minecraft:picked_up":{"minecraft:crafting_table":1,"minecraft:wheat":1,"biomesoplenty:violet":20,"minecraft:string":7,"minecraft:cobbled_deepslate":93,"minecraft:melon_slice":163,"minecraft:sugar_cane":3,"minecraft:furnace":1,"minecraft:dark_oak_sapling":9,"minecraft:raw_iron":42,"minecraft:stick":10,"minecraft:torch":5,"werewolves:raw_silver":9,"tombstone:grave_dust":3,"vampirism:vampire_fang":3,"minecraft:dark_oak_planks":156,"easy_villagers:villager":1,"minecraft:arrow":8,"minecraft:rotten_flesh":11,"minecraft:black_banner":1,"minecraft:cobblestone":100,"vampirism:vampire_blood_bottle":2,"minecraft:glow_ink_sac":3,"gobber2:gobber2_gooey_beefstew":1,"minecraft:oak_log":10,"minecraft:lapis_lazuli":27,"minecraft:dirt":23,"tombstone:gift":1,"minecraft:bone":9,"minecraft:apple":2,"minecraft:bow":2,"gobber2:gobber2_gooey_beef":4,"minecraft:wheat_seeds":12,"minecraft:raw_gold":18,"minecraft:cooked_chicken":1,"gobber2:gobber2_globette":2,"gobber2:gobber2_gooey_bread":2,"minecraft:melon":6,"minecraft:cyan_bed":1,"minecraft:dark_oak_log":161,"minecraft:music_disc_mall":1,"minecraft:diamond":14,"werewolves:cracked_bone":2,"gobber2:gobber2_goo":7,"minecraft:oak_sapling":5,"minecraft:coal":31,"minecraft:oak_leaves":5},"minecraft:killed_by":{"vampirism:advanced_vampire":1,"minecraft:player":1,"minecraft:creeper":1,"alexsmobs:murmur_head":1,"minecraft:skeleton":1,"minecraft:zombie":1,"vampirism:vampire":2},"minecraft:used":{"minecraft:stone_sword":13,"gobber2:gobber2_goo":7,"iceandfire:silver_sword":208,"minecraft:melon":5,"gobber2:gobber2_gooey_bread":2,"minecraft:chest":2,"minecraft:cooked_chicken":1,"minecraft:torch":71,"minecraft:dirt":35,"minecraft:wooden_axe":118,"minecraft:dark_oak_planks":190,"gobber2:gobber2_gooey_beef":4,"minecraft:furnace":1,"minecraft:oak_sapling":5,"tombstone:gift":2,"minecraft:dark_oak_sapling":9,"minecraft:stone_pickaxe":40,"minecraft:crafting_table":5,"minecraft:dark_oak_door":1,"easy_villagers:villager":4,"minecraft:apple":1,"gobber2:gobber2_gooey_beefstew":1,"minecraft:dark_oak_log":1,"minecraft:melon_slice":81,"minecraft:cyan_bed":1,"minecraft:iron_pickaxe":140,"tombstone:grave_key":2,"minecraft:stone_axe":119,"minecraft:cobblestone":4,"minecraft:bone_meal":22},"minecraft:custom":{"minecraft:mob_kills":50,"minecraft:interact_with_crafting_table":12,"minecraft:open_barrel":1,"minecraft:damage_dealt_resisted":727,"minecraft:eat_cake_slice":7,"minecraft:leave_game":3,"minecraft:time_since_death":3686,"minecraft:climb_one_cm":940,"minecraft:sprint_one_cm":337416,"minecraft:walk_one_cm":223336,"minecraft:drop":21,"minecraft:talked_to_villager":2,"minecraft:play_time":145183,"minecraft:deaths":9,"minecraft:sneak_time":909,"minecraft:walk_under_water_one_cm":4894,"minecraft:jump":1923,"minecraft:walk_on_water_one_cm":15859,"minecraft:total_world_time":145183,"minecraft:interact_with_furnace":4,"tombstone:raider_killed":1,"minecraft:sleep_in_bed":3,"minecraft:time_since_rest":3509,"minecraft:damage_taken":4573,"minecraft:trigger_trapped_chest":1,"minecraft:damage_dealt":11986,"minecraft:swim_one_cm":32367,"minecraft:fly_one_cm":226141,"minecraft:player_kills":1,"minecraft:open_chest":1,"minecraft:crouch_one_cm":4461,"tombstone:undead_killed":17,"minecraft:interact_with_smoker":1,"minecraft:fall_one_cm":59713}},"DataVersion":3465}