{"stats":{"minecraft:killed":{"vampirism:vampire":11,"vampirism:advanced_vampire":1,"minecraft:spider":2,"minecraft:skeleton":5,"mowziesmobs:lantern":1,"minecraft:zombie":10,"iceandfire:ghost":1},"minecraft:dropped":{"minecraft:dark_oak_door":2,"minecraft:furnace":1,"minecraft:sugar_cane":3,"minecraft:cobbled_deepslate":64,"minecraft:wheat":1,"minecraft:cobblestone":8,"minecraft:rotten_flesh":11,"biomesoplenty:violet":20,"minecraft:melon":1,"minecraft:melon_slice":1,"tombstone:grave_dust":1,"minecraft:chain":1,"minecraft:arrow":1,"minecraft:bow":2,"minecraft:stone_pickaxe":1,"minecraft:dark_oak_planks":48,"minecraft:oak_leaves":5},"minecraft:crafted":{"minecraft:oak_planks":12,"minecraft:crafting_table":2,"minecraft:furnace":1,"minecraft:bone_meal":39,"minecraft:air":0,"minecraft:stick":48,"minecraft:iron_ingot":1,"minecraft:wooden_axe":1,"minecraft:dark_oak_planks":492,"minecraft:torch":88},"minecraft:mined":{"minecraft:dark_oak_planks":9,"biomesoplenty:glowing_moss_block":1,"minecraft:dark_oak_leaves":6,"minecraft:deepslate_diamond_ore":6,"minecraft:dark_oak_log":165,"minecraft:crafting_table":1,"minecraft:torch":1,"minecraft:grass_block":4,"minecraft:melon":31,"gobber2:gobber2_lucky_block":9,"biomesoplenty:high_grass_plant":96,"minecraft:tall_grass":28,"biomesoplenty:sprout":1,"minecraft:cyan_bed":1,"minecraft:deepslate_gold_ore":14,"minecraft:sugar_cane":1,"minecraft:wall_torch":3,"minecraft:furnace":1,"minecraft:iron_ore":26,"minecraft:fire":30,"biomesoplenty:violet":11,"minecraft:deepslate_lapis_ore":4,"gobber2:gobber2_lucky_block_deepslate":2,"biomesoplenty:hanging_cobweb":1,"minecraft:grass":58,"minecraft:oak_log":8,"minecraft:coal_ore":31,"biomesoplenty:high_grass":32,"minecraft:deepslate_iron_ore":12,"minecraft:dark_oak_sapling":1,"minecraft:dirt":3,"minecraft:cobweb":1,"minecraft:smooth_basalt":1,"minecraft:stone":88,"minecraft:gold_ore":4,"minecraft:oak_leaves":9,"minecraft:deepslate":96,"werewolves:silver_ore":9,"minecraft:fern":13},"minecraft:broken":{"minecraft:wooden_axe":2},"minecraft:picked_up":{"minecraft:crafting_table":1,"minecraft:wheat":1,"vampirism:vampire_blood_bottle":2,"minecraft:glow_ink_sac":3,"gobber2:gobber2_gooey_beefstew":1,"biomesoplenty:violet":20,"minecraft:oak_log":10,"minecraft:lapis_lazuli":27,"minecraft:dirt":23,"minecraft:string":5,"tombstone:gift":1,"minecraft:bone":7,"minecraft:apple":2,"minecraft:bow":2,"gobber2:gobber2_gooey_beef":4,"minecraft:wheat_seeds":12,"minecraft:cobbled_deepslate":93,"minecraft:raw_gold":18,"minecraft:cooked_chicken":1,"minecraft:melon_slice":163,"minecraft:sugar_cane":3,"gobber2:gobber2_gooey_bread":1,"minecraft:furnace":1,"minecraft:dark_oak_sapling":9,"minecraft:stick":6,"minecraft:raw_iron":37,"minecraft:torch":5,"werewolves:raw_silver":9,"vampirism:vampire_fang":1,"minecraft:melon":6,"tombstone:grave_dust":3,"minecraft:cyan_bed":1,"minecraft:dark_oak_log":161,"minecraft:dark_oak_planks":156,"easy_villagers:villager":1,"minecraft:music_disc_mall":1,"minecraft:arrow":8,"minecraft:rotten_flesh":11,"minecraft:diamond":6,"minecraft:black_banner":1,"werewolves:cracked_bone":2,"minecraft:oak_sapling":5,"minecraft:oak_leaves":5,"gobber2:gobber2_goo":6,"minecraft:coal":31,"minecraft:cobblestone":96},"minecraft:killed_by":{"vampirism:advanced_vampire":1,"minecraft:player":1,"minecraft:skeleton":1,"minecraft:zombie":1,"vampirism:vampire":1,"alexsmobs:murmur_head":1},"minecraft:used":{"minecraft:stone_sword":13,"gobber2:gobber2_goo":6,"iceandfire:silver_sword":176,"minecraft:melon":5,"minecraft:stone_pickaxe":40,"gobber2:gobber2_gooey_bread":1,"minecraft:chest":2,"minecraft:cooked_chicken":1,"minecraft:torch":71,"minecraft:dirt":18,"minecraft:crafting_table":5,"minecraft:dark_oak_door":1,"minecraft:dark_oak_planks":190,"easy_villagers:villager":4,"minecraft:wooden_axe":118,"gobber2:gobber2_gooey_beefstew":1,"minecraft:dark_oak_log":1,"minecraft:cyan_bed":1,"minecraft:melon_slice":79,"minecraft:iron_pickaxe":113,"gobber2:gobber2_gooey_beef":4,"tombstone:grave_key":2,"minecraft:stone_axe":119,"minecraft:oak_sapling":5,"minecraft:furnace":1,"tombstone:gift":2,"minecraft:bone_meal":22,"minecraft:dark_oak_sapling":9},"minecraft:custom":{"minecraft:interact_with_furnace":4,"minecraft:mob_kills":44,"minecraft:interact_with_crafting_table":12,"minecraft:open_barrel":1,"minecraft:damage_dealt_resisted":338,"minecraft:eat_cake_slice":7,"minecraft:leave_game":2,"minecraft:time_since_death":2833,"minecraft:sleep_in_bed":3,"minecraft:climb_one_cm":940,"minecraft:time_since_rest":2668,"minecraft:sprint_one_cm":294901,"minecraft:damage_taken":3656,"minecraft:walk_one_cm":206353,"minecraft:trigger_trapped_chest":1,"minecraft:drop":19,"minecraft:damage_dealt":10222,"minecraft:swim_one_cm":26346,"minecraft:talked_to_villager":2,"minecraft:fly_one_cm":219167,"minecraft:player_kills":1,"minecraft:open_chest":1,"minecraft:play_time":134841,"minecraft:crouch_one_cm":1596,"tombstone:undead_killed":16,"minecraft:deaths":7,"minecraft:sneak_time":521,"minecraft:walk_under_water_one_cm":4183,"minecraft:jump":1554,"minecraft:walk_on_water_one_cm":14375,"minecraft:total_world_time":134841,"minecraft:interact_with_smoker":1,"minecraft:fall_one_cm":44706}},"DataVersion":3465}