{"stats":{"minecraft:killed":{"vampirism:vampire":14,"minecraft:witch":1,"vampirism:advanced_vampire":1,"minecraft:spider":3,"minecraft:skeleton":8,"minecraft:creeper":2,"minecraft:sheep":1,"mowziesmobs:lantern":1,"minecraft:zombie":15,"iceandfire:ghost":1},"minecraft:dropped":{"minecraft:wheat_seeds":13,"minecraft:diamond":1,"minecraft:cobblestone":8,"biomesoplenty:violet":20,"minecraft:melon":1,"werewolves:cracked_bone":2,"minecraft:melon_slice":9,"tombstone:grave_dust":1,"minecraft:chain":1,"minecraft:dark_oak_planks":48,"minecraft:dark_oak_door":2,"minecraft:furnace":1,"easy_villagers:breeder":1,"minecraft:sugar_cane":3,"minecraft:cobbled_deepslate":64,"minecraft:wheat":51,"minecraft:rotten_flesh":12,"blue_skies:bag_of_spoils":1,"vampirism:vampire_fang":1,"minecraft:arrow":6,"minecraft:bow":2,"minecraft:stone_pickaxe":1,"minecraft:oak_leaves":5},"minecraft:crafted":{"minecraft:oak_planks":12,"minecraft:furnace":1,"minecraft:bone_meal":39,"minecraft:dark_oak_planks":492,"minecraft:crafting_table":2,"minecraft:air":0,"minecraft:stick":48,"minecraft:iron_ingot":1,"minecraft:wooden_axe":1,"minecraft:torch":88},"minecraft:mined":{"minecraft:dark_oak_planks":20,"biomesoplenty:glowing_moss_block":1,"minecraft:tuff":1,"minecraft:oak_sapling":1,"minecraft:dark_oak_leaves":6,"minecraft:deepslate_diamond_ore":14,"minecraft:dark_oak_log":165,"minecraft:allium":3,"minecraft:grass_block":4,"gobber2:gobber2_lucky_block":9,"minecraft:tall_seagrass":2,"minecraft:furnace":1,"minecraft:iron_ore":32,"minecraft:fire":30,"biomesoplenty:violet":16,"minecraft:deepslate_lapis_ore":4,"biomesoplenty:hanging_cobweb":1,"werewolves:stone_altar_fire_bowl":2,"biomesoplenty:high_grass":32,"minecraft:deepslate_iron_ore":13,"minecraft:vine":1,"minecraft:stone":97,"minecraft:crafting_table":1,"minecraft:torch":1,"minecraft:melon":31,"biomesoplenty:high_grass_plant":96,"minecraft:tall_grass":32,"minecraft:cyan_bed":1,"biomesoplenty:sprout":1,"minecraft:deepslate_gold_ore":14,"minecraft:sugar_cane":1,"blue_skies:bag_of_spoils":1,"minecraft:diorite":1,"minecraft:wall_torch":3,"minecraft:wheat":34,"gobber2:gobber2_lucky_block_deepslate":4,"minecraft:grass":140,"minecraft:oak_log":27,"minecraft:coal_ore":31,"minecraft:dark_oak_sapling":1,"minecraft:dirt":3,"minecraft:cobweb":1,"minecraft:smooth_basalt":1,"minecraft:gold_ore":4,"minecraft:oak_leaves":44,"werewolves:silver_ore":9,"minecraft:deepslate":102,"minecraft:fern":13},"minecraft:broken":{"minecraft:stone_axe":1,"minecraft:wooden_axe":2},"minecraft:picked_up":{"minecraft:crafting_table":1,"minecraft:wheat":51,"easy_villagers:breeder":1,"biomesoplenty:violet":20,"minecraft:string":7,"minecraft:cobbled_deepslate":93,"minecraft:light_gray_wool":1,"minecraft:melon_slice":170,"minecraft:sugar_cane":3,"minecraft:furnace":1,"blue_skies:bag_of_spoils":4,"minecraft:dark_oak_sapling":9,"minecraft:stick":10,"minecraft:raw_iron":44,"minecraft:torch":5,"werewolves:raw_silver":9,"minecraft:diorite":1,"tombstone:grave_dust":3,"vampirism:vampire_fang":3,"minecraft:dark_oak_planks":166,"easy_villagers:villager":1,"minecraft:rotten_flesh":14,"minecraft:arrow":9,"minecraft:black_banner":1,"minecraft:cobblestone":104,"vampirism:vampire_blood_bottle":2,"minecraft:glow_ink_sac":3,"gobber2:gobber2_gooey_beefstew":1,"minecraft:oak_log":28,"minecraft:gunpowder":1,"minecraft:lapis_lazuli":27,"minecraft:dirt":23,"tombstone:gift":1,"minecraft:cooked_mutton":1,"minecraft:bone":16,"minecraft:apple":2,"minecraft:bow":2,"gobber2:gobber2_gooey_beef":4,"minecraft:wheat_seeds":207,"minecraft:raw_gold":18,"minecraft:cooked_chicken":1,"gobber2:gobber2_globette":2,"tombstone:bag_of_seeds":1,"gobber2:gobber2_gooey_bread":2,"minecraft:melon":6,"minecraft:cyan_bed":1,"minecraft:dark_oak_log":161,"minecraft:spider_eye":1,"minecraft:music_disc_mall":1,"minecraft:diamond":14,"werewolves:cracked_bone":2,"gobber2:gobber2_goo":7,"minecraft:oak_sapling":7,"minecraft:coal":31,"minecraft:oak_leaves":5},"minecraft:killed_by":{"vampirism:advanced_vampire":1,"minecraft:player":4,"minecraft:creeper":1,"minecraft:spider":1,"alexsmobs:murmur_head":1,"minecraft:skeleton":1,"minecraft:zombie":1,"vampirism:vampire":2},"minecraft:used":{"minecraft:stone_sword":13,"gobber2:gobber2_goo":7,"iceandfire:silver_sword":274,"minecraft:melon":5,"minecraft:chest":2,"gobber2:gobber2_gooey_bread":2,"minecraft:cooked_chicken":1,"minecraft:torch":71,"minecraft:dirt":35,"minecraft:dark_oak_planks":201,"minecraft:wooden_axe":118,"gobber2:gobber2_gooey_beef":4,"minecraft:light_gray_wool":1,"blue_skies:bag_of_spoils":3,"minecraft:furnace":1,"minecraft:oak_sapling":7,"tombstone:gift":2,"minecraft:dark_oak_sapling":9,"minecraft:wheat_seeds":12,"minecraft:cooked_mutton":1,"minecraft:stone_pickaxe":40,"minecraft:crafting_table":5,"minecraft:dark_oak_door":1,"minecraft:lightning_rod":1,"minecraft:wooden_hoe":2,"easy_villagers:villager":7,"minecraft:apple":2,"gobber2:gobber2_gooey_beefstew":1,"minecraft:dark_oak_log":1,"minecraft:melon_slice":127,"minecraft:cyan_bed":1,"minecraft:iron_pickaxe":147,"tombstone:grave_key":6,"minecraft:stone_axe":163,"minecraft:cobblestone":6,"minecraft:bone_meal":24},"minecraft:custom":{"minecraft:mob_kills":62,"minecraft:interact_with_crafting_table":14,"minecraft:open_barrel":1,"minecraft:damage_dealt_resisted":727,"minecraft:eat_cake_slice":7,"minecraft:leave_game":4,"minecraft:time_since_death":1756,"minecraft:climb_one_cm":940,"minecraft:sprint_one_cm":582255,"minecraft:walk_one_cm":350589,"minecraft:drop":49,"minecraft:talked_to_villager":2,"minecraft:play_time":203083,"minecraft:deaths":14,"minecraft:sneak_time":4598,"minecraft:walk_under_water_one_cm":14465,"minecraft:jump":2597,"minecraft:walk_on_water_one_cm":19025,"minecraft:total_world_time":203083,"minecraft:interact_with_furnace":7,"tombstone:raider_killed":1,"minecraft:sleep_in_bed":5,"minecraft:time_since_rest":1522,"minecraft:waystone_activated":1,"minecraft:damage_taken":7232,"minecraft:trigger_trapped_chest":1,"minecraft:damage_dealt":14744,"minecraft:swim_one_cm":45370,"minecraft:fly_one_cm":403905,"minecraft:player_kills":2,"minecraft:open_chest":13,"minecraft:crouch_one_cm":11707,"tombstone:undead_killed":24,"minecraft:aviate_one_cm":542605,"minecraft:open_bag_of_spoils":4,"minecraft:interact_with_smoker":1,"minecraft:fall_one_cm":83675}},"DataVersion":3465}