{"stats":{"minecraft:killed_by":{"minecraft:player":1,"minecraft:skeleton":1,"minecraft:zombie":1,"alexsmobs:murmur_head":1},"minecraft:killed":{"vampirism:vampire":4,"vampirism:advanced_vampire":1,"minecraft:spider":2,"minecraft:skeleton":3,"mowziesmobs:lantern":1,"minecraft:zombie":7,"iceandfire:ghost":1},"minecraft:used":{"minecraft:stone_sword":13,"gobber2:gobber2_goo":2,"iceandfire:silver_sword":105,"minecraft:melon":5,"minecraft:stone_pickaxe":40,"minecraft:chest":2,"minecraft:cooked_chicken":1,"minecraft:torch":54,"minecraft:dirt":13,"minecraft:crafting_table":5,"minecraft:dark_oak_door":1,"minecraft:dark_oak_planks":190,"easy_villagers:villager":4,"minecraft:wooden_axe":118,"gobber2:gobber2_gooey_beefstew":1,"minecraft:dark_oak_log":1,"minecraft:cyan_bed":1,"minecraft:melon_slice":79,"minecraft:iron_pickaxe":87,"gobber2:gobber2_gooey_beef":1,"tombstone:grave_key":1,"minecraft:stone_axe":119,"minecraft:oak_sapling":5,"minecraft:furnace":1,"tombstone:gift":2,"minecraft:bone_meal":22,"minecraft:dark_oak_sapling":9},"minecraft:crafted":{"minecraft:oak_planks":12,"minecraft:crafting_table":2,"minecraft:furnace":1,"minecraft:bone_meal":39,"minecraft:air":0,"minecraft:stick":48,"minecraft:iron_ingot":1,"minecraft:wooden_axe":1,"minecraft:dark_oak_planks":492,"minecraft:torch":88},"minecraft:dropped":{"minecraft:wheat":1,"minecraft:cobblestone":8,"minecraft:rotten_flesh":7,"minecraft:melon":1,"minecraft:melon_slice":1,"tombstone:grave_dust":1,"minecraft:chain":1,"minecraft:arrow":1,"minecraft:bow":1,"minecraft:stone_pickaxe":1,"minecraft:dark_oak_planks":48,"minecraft:oak_leaves":5},"minecraft:picked_up":{"minecraft:crafting_table":1,"minecraft:wheat":1,"vampirism:vampire_blood_bottle":2,"minecraft:glow_ink_sac":3,"gobber2:gobber2_gooey_beefstew":1,"biomesoplenty:violet":20,"minecraft:oak_log":10,"minecraft:dirt":23,"minecraft:string":5,"tombstone:gift":1,"minecraft:bone":4,"minecraft:apple":2,"minecraft:bow":2,"gobber2:gobber2_gooey_beef":4,"minecraft:wheat_seeds":12,"minecraft:cobbled_deepslate":4,"minecraft:raw_gold":18,"minecraft:cooked_chicken":1,"minecraft:melon_slice":163,"minecraft:sugar_cane":3,"gobber2:gobber2_gooey_bread":1,"minecraft:furnace":1,"minecraft:dark_oak_sapling":9,"minecraft:stick":6,"minecraft:raw_iron":33,"minecraft:torch":4,"werewolves:raw_silver":9,"minecraft:melon":6,"tombstone:grave_dust":3,"minecraft:cyan_bed":1,"minecraft:dark_oak_log":161,"minecraft:dark_oak_planks":36,"easy_villagers:villager":1,"minecraft:music_disc_mall":1,"minecraft:arrow":3,"minecraft:rotten_flesh":8,"minecraft:diamond":1,"minecraft:black_banner":1,"werewolves:cracked_bone":1,"minecraft:oak_sapling":5,"minecraft:oak_leaves":5,"gobber2:gobber2_goo":5,"minecraft:coal":31,"minecraft:cobblestone":96},"minecraft:mined":{"minecraft:dark_oak_planks":9,"biomesoplenty:glowing_moss_block":1,"minecraft:dark_oak_leaves":6,"minecraft:deepslate_diamond_ore":1,"minecraft:dark_oak_log":165,"minecraft:crafting_table":1,"minecraft:torch":1,"minecraft:grass_block":4,"minecraft:melon":31,"gobber2:gobber2_lucky_block":9,"biomesoplenty:high_grass_plant":96,"minecraft:tall_grass":28,"biomesoplenty:sprout":1,"minecraft:cyan_bed":1,"minecraft:deepslate_gold_ore":14,"minecraft:sugar_cane":1,"minecraft:wall_torch":2,"minecraft:furnace":1,"minecraft:iron_ore":26,"minecraft:fire":30,"biomesoplenty:violet":11,"gobber2:gobber2_lucky_block_deepslate":1,"biomesoplenty:hanging_cobweb":1,"minecraft:grass":58,"minecraft:oak_log":8,"minecraft:coal_ore":31,"biomesoplenty:high_grass":32,"minecraft:deepslate_iron_ore":7,"minecraft:dark_oak_sapling":1,"minecraft:dirt":3,"minecraft:cobweb":1,"minecraft:smooth_basalt":1,"minecraft:stone":88,"minecraft:gold_ore":4,"minecraft:oak_leaves":9,"werewolves:silver_ore":9,"minecraft:deepslate":6,"minecraft:fern":13},"minecraft:broken":{"minecraft:wooden_axe":2},"minecraft:custom":{"minecraft:interact_with_furnace":4,"minecraft:mob_kills":29,"minecraft:interact_with_crafting_table":12,"minecraft:open_barrel":1,"minecraft:eat_cake_slice":7,"minecraft:leave_game":2,"minecraft:time_since_death":60415,"minecraft:sleep_in_bed":3,"minecraft:climb_one_cm":940,"minecraft:time_since_rest":60193,"minecraft:sprint_one_cm":250353,"minecraft:damage_taken":2631,"minecraft:walk_one_cm":163153,"minecraft:trigger_trapped_chest":1,"minecraft:drop":12,"minecraft:damage_dealt":6406,"minecraft:swim_one_cm":26346,"minecraft:talked_to_villager":2,"minecraft:fly_one_cm":188083,"minecraft:player_kills":1,"minecraft:open_chest":1,"minecraft:play_time":124229,"minecraft:crouch_one_cm":1596,"tombstone:undead_killed":11,"minecraft:deaths":5,"minecraft:sneak_time":521,"minecraft:walk_under_water_one_cm":4183,"minecraft:jump":1271,"minecraft:walk_on_water_one_cm":13318,"minecraft:total_world_time":124229,"minecraft:interact_with_smoker":1,"minecraft:fall_one_cm":37460}},"DataVersion":3465}